﻿[{
    "empid": "1001",
    "empname": "张三",
    "gender": "男",
    "age": 25,
    "dept":"技术部",
    "inDate":"2020-01-01",
    "tel":"13977641234",
    "salary":5000.0,
    "bonus":1500
},
{
    "empid": "1002",
    "empname": "李四",
    "gender": "女",
    "age": 30,
    "dept":"产品部",
    "inDate":"2020-03-01",
    "tel":"14777641234",
    "salary":3500.0,
    "bonus":800
},
{
    "empid": "1012",
    "empname": "张菲",
    "gender": "女",
    "age": 30,
    "dept":"产品部",
    "inDate":"2019-03-01",
    "tel":"14777641234",
    "salary":4000.0,
    "bonus":800
},
{
    "empid": "1003",
    "empname": "王五",
    "gender": "男",
    "age": 35,
    "dept":"技术部",
    "inDate":"2019-01-01",
    "tel":"139776414321",
    "salary":9000.0,
    "bonus":2000
},
{
    "empid": "1004",
    "empname": "赵六",
    "gender": "男",
    "age": 32,
    "dept":"运营部",
    "inDate":"2022-01-01",
    "tel":"139776414325",
    "salary":6090.0,
    "bonus":1100
},{
    "empid": "1014",
    "empname": "赵刚",
    "gender": "男",
    "age": 32,
    "dept":"运营部",
    "inDate":"2021-01-01",
    "tel":"139776414335",
    "salary":9000,
    "bonus":1800
},
{
    "empid": "1005",
    "empname": "田七",
    "gender": "女",
    "age": 29,
    "dept":"人事部",
    "inDate":"2019-10-01",
    "tel":"159776414321",
    "salary":5500,
    "bonus":500
},
{
    "empid": "1006",
    "empname": "吴二",
    "gender": "男",
    "age": 27,
    "dept":"人事部",
    "inDate":"2021-09-01",
    "tel":"139776414388",
    "salary":3800,
    "bonus":200
}
]